"","Population_density","Median_Income","Median_Age","Percentage_of_White","Percentage_of_Bachelor","Percentage_of_Public_Transport","COVID_Positive_Rate","Testing_site_Density","Transit_Road_Density","Non_Transit_Road_Density","Stop_Density"
"q-statistic",0.439775371212616,0.423850255628407,0.074433692571534,0.0687461819689246,0.432763427521276,0.13995312792349,0.505989814787778,0.499372342158166,0.29097214029235,0.159114540987408,0.170160226124727
"p-value",0.000000000307033041840269,0.00000000015403847365399,0.0128414717707843,0.0229417553301709,0.000000000220828752907441,0.000132362830174115,0.000000000577004031793865,0.000000000125995073098698,0.000000000723069204934101,0.0000295089856278764,0.00001309494146119
